country,INDICATOR,SUBJECT,MEASURE,FREQUENCY,year,gap,Flag Codes
AUS,WAGEGAP,TOT,PC_MENWAGE,A,1975,21.58273381,
AUS,WAGEGAP,TOT,PC_MENWAGE,A,1976,20.75471698,
AUS,WAGEGAP,TOT,PC_MENWAGE,A,1977,18.3908046,
AUS,WAGEGAP,TOT,PC_MENWAGE,A,1978,19.79166667,
AUS,WAGEGAP,TOT,PC_MENWAGE,A,1979,20,
AUS,WAGEGAP,TOT,PC_MENWAGE,A,1980,18.75,
AUS,WAGEGAP,TOT,PC_MENWAGE,A,1981,18.25396825,
AUS,WAGEGAP,TOT,PC_MENWAGE,A,1982,20.81911263,
AUS,WAGEGAP,TOT,PC_MENWAGE,A,1983,19.15584416, 
AUS,WAGEGAP,TOT,PC_MENWAGE,A,1984,18.6746988,
AUS,WAGEGAP,TOT,PC_MENWAGE,A,1985,19.60784314,
AUS,WAGEGAP,TOT,PC_MENWAGE,A,1986,18.84816754,
AUS,WAGEGAP,TOT,PC_MENWAGE,A,1987,18.51851852,
AUS,WAGEGAP,TOT,PC_MENWAGE,A,1988,18.79350348,
AUS,WAGEGAP,TOT,PC_MENWAGE,A,1989,18.58974359,
AUS,WAGEGAP,TOT,PC_MENWAGE,A,1990,18.18181818,
AUS,WAGEGAP,TOT,PC_MENWAGE,A,1991,16.015625,
AUS,WAGEGAP,TOT,PC_MENWAGE,A,1992,14.25855513,
AUS,WAGEGAP,TOT,PC_MENWAGE,A,1993,13.22463768,
AUS,WAGEGAP,TOT,PC_MENWAGE,A,1994,14.40972222,
AUS,WAGEGAP,TOT,PC_MENWAGE,A,1995,14.47811448,
AUS,WAGEGAP,TOT,PC_MENWAGE,A,1997,15.25423729,
AUS,WAGEGAP,TOT,PC_MENWAGE,A,1998,13.24200913,
AUS,WAGEGAP,TOT,PC_MENWAGE,A,1999,14.28571429,
AUS,WAGEGAP,TOT,PC_MENWAGE,A,2000,17.2,
AUS,WAGEGAP,TOT,PC_MENWAGE,A,2001,14.34210526,
AUS,WAGEGAP,TOT,PC_MENWAGE,A,2002,15,
AUS,WAGEGAP,TOT,PC_MENWAGE,A,2003,13.04347826,
AUS,WAGEGAP,TOT,PC_MENWAGE,A,2004,14.35294118,
AUS,WAGEGAP,TOT,PC_MENWAGE,A,2005,15.77777778,
AUS,WAGEGAP,TOT,PC_MENWAGE,A,2006,16.66666667,
AUS,WAGEGAP,TOT,PC_MENWAGE,A,2007,15.4,
AUS,WAGEGAP,TOT,PC_MENWAGE,A,2008,11.93737769,
AUS,WAGEGAP,TOT,PC_MENWAGE,A,2009,16.36363636,
AUS,WAGEGAP,TOT,PC_MENWAGE,A,2010,14.04293381,
AUS,WAGEGAP,TOT,PC_MENWAGE,A,2011,15.96638656,
AUS,WAGEGAP,TOT,PC_MENWAGE,A,2012,13.75,
AUS,WAGEGAP,TOT,PC_MENWAGE,A,2013,18,
AUS,WAGEGAP,TOT,PC_MENWAGE,A,2014,15.38461539,
AUS,WAGEGAP,TOT,PC_MENWAGE,A,2015,13,
AUS,WAGEGAP,TOT,PC_MENWAGE,A,2016,14.28631056,
AUT,WAGEGAP,TOT,PC_MENWAGE,A,2000,23.14194309,
AUT,WAGEGAP,TOT,PC_MENWAGE,A,2001,22.80181782,
AUT,WAGEGAP,TOT,PC_MENWAGE,A,2002,24.48922362,
AUT,WAGEGAP,TOT,PC_MENWAGE,A,2003,21.13692198,
AUT,WAGEGAP,TOT,PC_MENWAGE,A,2004,22.43079216,
AUT,WAGEGAP,TOT,PC_MENWAGE,A,2005,22.03208575,
AUT,WAGEGAP,TOT,PC_MENWAGE,A,2006,21.85513043,
AUT,WAGEGAP,TOT,PC_MENWAGE,A,2007,21.63427637,
AUT,WAGEGAP,TOT,PC_MENWAGE,A,2008,20.91732027,
AUT,WAGEGAP,TOT,PC_MENWAGE,A,2009,19.35596592,
AUT,WAGEGAP,TOT,PC_MENWAGE,A,2010,19.18886268,
AUT,WAGEGAP,TOT,PC_MENWAGE,A,2011,18.55055412,
AUT,WAGEGAP,TOT,PC_MENWAGE,A,2012,18.18505684,
AUT,WAGEGAP,TOT,PC_MENWAGE,A,2013,18.05321141,
AUT,WAGEGAP,TOT,PC_MENWAGE,A,2014,17.72888425,
AUT,WAGEGAP,TOT,PC_MENWAGE,A,2015,17.04325299,
BEL,WAGEGAP,TOT,PC_MENWAGE,A,1999,15.18298714,
BEL,WAGEGAP,TOT,PC_MENWAGE,A,2000,13.59923114,
BEL,WAGEGAP,TOT,PC_MENWAGE,A,2001,13.18681319,
BEL,WAGEGAP,TOT,PC_MENWAGE,A,2002,11.60471442,
BEL,WAGEGAP,TOT,PC_MENWAGE,A,2003,15.20518359,
BEL,WAGEGAP,TOT,PC_MENWAGE,A,2004,11.83206107,
BEL,WAGEGAP,TOT,PC_MENWAGE,A,2005,11.51109251,
BEL,WAGEGAP,TOT,PC_MENWAGE,A,2006,10.25326797,
BEL,WAGEGAP,TOT,PC_MENWAGE,A,2007,9.873617694,
BEL,WAGEGAP,TOT,PC_MENWAGE,A,2008,8.915753683,
BEL,WAGEGAP,TOT,PC_MENWAGE,A,2009,7.480461481,
BEL,WAGEGAP,TOT,PC_MENWAGE,A,2010,7.04379562,
BEL,WAGEGAP,TOT,PC_MENWAGE,A,2011,5.838108883,
BEL,WAGEGAP,TOT,PC_MENWAGE,A,2012,6.411149826,
BEL,WAGEGAP,TOT,PC_MENWAGE,A,2013,5.912863071,
BEL,WAGEGAP,TOT,PC_MENWAGE,A,2014,3.298900367,
CAN,WAGEGAP,TOT,PC_MENWAGE,A,1997,24.70588235,
CAN,WAGEGAP,TOT,PC_MENWAGE,A,1998,24.85549133,
CAN,WAGEGAP,TOT,PC_MENWAGE,A,1999,24,
CAN,WAGEGAP,TOT,PC_MENWAGE,A,2000,23.875,
CAN,WAGEGAP,TOT,PC_MENWAGE,A,2001,24.32457913,
CAN,WAGEGAP,TOT,PC_MENWAGE,A,2002,24.0131579,
CAN,WAGEGAP,TOT,PC_MENWAGE,A,2003,22.50234034,
CAN,WAGEGAP,TOT,PC_MENWAGE,A,2004,22.71794872,
CAN,WAGEGAP,TOT,PC_MENWAGE,A,2005,21.25,
CAN,WAGEGAP,TOT,PC_MENWAGE,A,2006,21.12332112,
CAN,WAGEGAP,TOT,PC_MENWAGE,A,2007,20.80823529,
CAN,WAGEGAP,TOT,PC_MENWAGE,A,2008,20.45454546,
CAN,WAGEGAP,TOT,PC_MENWAGE,A,2009,20.13186813,
CAN,WAGEGAP,TOT,PC_MENWAGE,A,2010,18.97746967,
CAN,WAGEGAP,TOT,PC_MENWAGE,A,2011,19.17553192,
CAN,WAGEGAP,TOT,PC_MENWAGE,A,2012,19.51123128,
CAN,WAGEGAP,TOT,PC_MENWAGE,A,2013,19.30323498,
CAN,WAGEGAP,TOT,PC_MENWAGE,A,2014,19.229,
CAN,WAGEGAP,TOT,PC_MENWAGE,A,2015,18.62745098,
CZE,WAGEGAP,TOT,PC_MENWAGE,A,1996,18.28985624,
CZE,WAGEGAP,TOT,PC_MENWAGE,A,1997,18.42904374,
CZE,WAGEGAP,TOT,PC_MENWAGE,A,1999,19.03031426,
CZE,WAGEGAP,TOT,PC_MENWAGE,A,2001,16.87662165,
CZE,WAGEGAP,TOT,PC_MENWAGE,A,2002,15.95069783,
CZE,WAGEGAP,TOT,PC_MENWAGE,A,2003,15.63749732,
CZE,WAGEGAP,TOT,PC_MENWAGE,A,2004,16.14681968,
CZE,WAGEGAP,TOT,PC_MENWAGE,A,2005,15.93892946,
CZE,WAGEGAP,TOT,PC_MENWAGE,A,2006,15.35176621,
CZE,WAGEGAP,TOT,PC_MENWAGE,A,2007,16.93153188,
CZE,WAGEGAP,TOT,PC_MENWAGE,A,2008,17.87301988,
CZE,WAGEGAP,TOT,PC_MENWAGE,A,2009,15.10501797,
CZE,WAGEGAP,TOT,PC_MENWAGE,A,2010,15.79850307,
CZE,WAGEGAP,TOT,PC_MENWAGE,A,2011,16.3296567,
CZE,WAGEGAP,TOT,PC_MENWAGE,A,2012,15.26297988,
CZE,WAGEGAP,TOT,PC_MENWAGE,A,2013,15.37883532,
CZE,WAGEGAP,TOT,PC_MENWAGE,A,2014,16.2545602,
CZE,WAGEGAP,TOT,PC_MENWAGE,A,2015,16.45515416,
CZE,WAGEGAP,TOT,PC_MENWAGE,A,2016,16.31571143,
DNK,WAGEGAP,TOT,PC_MENWAGE,A,2002,10.79707567,
DNK,WAGEGAP,TOT,PC_MENWAGE,A,2003,9.921804087,
DNK,WAGEGAP,TOT,PC_MENWAGE,A,2004,10.18220538,
DNK,WAGEGAP,TOT,PC_MENWAGE,A,2005,10.16733042,
DNK,WAGEGAP,TOT,PC_MENWAGE,A,2006,10.17206125,
DNK,WAGEGAP,TOT,PC_MENWAGE,A,2007,9.850297938,
DNK,WAGEGAP,TOT,PC_MENWAGE,A,2008,10.18354903,
DNK,WAGEGAP,TOT,PC_MENWAGE,A,2009,10.17200504,
DNK,WAGEGAP,TOT,PC_MENWAGE,A,2010,8.895098496,
DNK,WAGEGAP,TOT,PC_MENWAGE,A,2011,7.947197261,
DNK,WAGEGAP,TOT,PC_MENWAGE,A,2012,6.9998449,
DNK,WAGEGAP,TOT,PC_MENWAGE,A,2013,6.76891196,
DNK,WAGEGAP,TOT,PC_MENWAGE,A,2014,6.323865702,
DNK,WAGEGAP,TOT,PC_MENWAGE,A,2015,5.836048095,
FIN,WAGEGAP,TOT,PC_MENWAGE,A,1977,27.69040181,
FIN,WAGEGAP,TOT,PC_MENWAGE,A,1978,27.08860759,
FIN,WAGEGAP,TOT,PC_MENWAGE,A,1979,27.16894977,
FIN,WAGEGAP,TOT,PC_MENWAGE,A,1980,26.62381868,
FIN,WAGEGAP,TOT,PC_MENWAGE,A,1982,25.96153846,
FIN,WAGEGAP,TOT,PC_MENWAGE,A,1983,25.63174292,
FIN,WAGEGAP,TOT,PC_MENWAGE,A,1984,23.4270415,
FIN,WAGEGAP,TOT,PC_MENWAGE,A,1986,22.53142039,
FIN,WAGEGAP,TOT,PC_MENWAGE,A,1987,23.61284007,
FIN,WAGEGAP,TOT,PC_MENWAGE,A,1988,23.04579444,
FIN,WAGEGAP,TOT,PC_MENWAGE,A,1989,23.5590355,
FIN,WAGEGAP,TOT,PC_MENWAGE,A,1990,22.862102,
FIN,WAGEGAP,TOT,PC_MENWAGE,A,1991,21.46774696,
FIN,WAGEGAP,TOT,PC_MENWAGE,A,1992,20.28498619,
FIN,WAGEGAP,TOT,PC_MENWAGE,A,1993,21.9848125,
FIN,WAGEGAP,TOT,PC_MENWAGE,A,1994,23.14957875,
FIN,WAGEGAP,TOT,PC_MENWAGE,A,1995,22.40219409,
FIN,WAGEGAP,TOT,PC_MENWAGE,A,1996,20.58266966,
FIN,WAGEGAP,TOT,PC_MENWAGE,A,1997,21.33201166,
FIN,WAGEGAP,TOT,PC_MENWAGE,A,1998,20.80042641,
FIN,WAGEGAP,TOT,PC_MENWAGE,A,1999,21.71623611,
FIN,WAGEGAP,TOT,PC_MENWAGE,A,2000,20.42748918,
FIN,WAGEGAP,TOT,PC_MENWAGE,A,2001,21.23909129,
FIN,WAGEGAP,TOT,PC_MENWAGE,A,2002,20.37320281,
FIN,WAGEGAP,TOT,PC_MENWAGE,A,2003,20.09925558,
FIN,WAGEGAP,TOT,PC_MENWAGE,A,2004,20.01515104,
FIN,WAGEGAP,TOT,PC_MENWAGE,A,2005,18.94169403,
FIN,WAGEGAP,TOT,PC_MENWAGE,A,2006,19.37479454,
FIN,WAGEGAP,TOT,PC_MENWAGE,A,2007,21.37690409,
FIN,WAGEGAP,TOT,PC_MENWAGE,A,2008,21.23395266,
FIN,WAGEGAP,TOT,PC_MENWAGE,A,2009,19.67567279,
FIN,WAGEGAP,TOT,PC_MENWAGE,A,2010,18.87699985,
FIN,WAGEGAP,TOT,PC_MENWAGE,A,2011,18.6076171,
FIN,WAGEGAP,TOT,PC_MENWAGE,A,2012,18.72607453,
FIN,WAGEGAP,TOT,PC_MENWAGE,A,2013,20.17843271,
FIN,WAGEGAP,TOT,PC_MENWAGE,A,2014,19.60907945,
FIN,WAGEGAP,TOT,PC_MENWAGE,A,2015,18.05598132,
FRA,WAGEGAP,TOT,PC_MENWAGE,A,1995,14.571,
FRA,WAGEGAP,TOT,PC_MENWAGE,A,1996,15.63,
FRA,WAGEGAP,TOT,PC_MENWAGE,A,1997,15.38,
FRA,WAGEGAP,TOT,PC_MENWAGE,A,1998,14.574,
FRA,WAGEGAP,TOT,PC_MENWAGE,A,1999,14.32,
FRA,WAGEGAP,TOT,PC_MENWAGE,A,2000,14.571,
FRA,WAGEGAP,TOT,PC_MENWAGE,A,2001,15.125,
FRA,WAGEGAP,TOT,PC_MENWAGE,A,2002,15.205,
FRA,WAGEGAP,TOT,PC_MENWAGE,A,2003,15.144,
FRA,WAGEGAP,TOT,PC_MENWAGE,A,2004,14.954,
FRA,WAGEGAP,TOT,PC_MENWAGE,A,2005,14.389,
FRA,WAGEGAP,TOT,PC_MENWAGE,A,2006,13.978,
FRA,WAGEGAP,TOT,PC_MENWAGE,A,2007,13.965,
FRA,WAGEGAP,TOT,PC_MENWAGE,A,2008,14.344,
FRA,WAGEGAP,TOT,PC_MENWAGE,A,2009,14.031,
FRA,WAGEGAP,TOT,PC_MENWAGE,A,2010,14.054,
FRA,WAGEGAP,TOT,PC_MENWAGE,A,2011,13.951,
FRA,WAGEGAP,TOT,PC_MENWAGE,A,2012,13.673,
DEU,WAGEGAP,TOT,PC_MENWAGE,A,1992,27.01268499,
DEU,WAGEGAP,TOT,PC_MENWAGE,A,1993,23.39181287,
DEU,WAGEGAP,TOT,PC_MENWAGE,A,1994,21.02578797,
DEU,WAGEGAP,TOT,PC_MENWAGE,A,1995,19.98158379,
DEU,WAGEGAP,TOT,PC_MENWAGE,A,1996,20.89222615,
DEU,WAGEGAP,TOT,PC_MENWAGE,A,1997,21.45470085,
DEU,WAGEGAP,TOT,PC_MENWAGE,A,1998,21.16385135,
DEU,WAGEGAP,TOT,PC_MENWAGE,A,1999,21.04730414,
DEU,WAGEGAP,TOT,PC_MENWAGE,A,2000,20.5107084,
DEU,WAGEGAP,TOT,PC_MENWAGE,A,2001,19.2485083,
DEU,WAGEGAP,TOT,PC_MENWAGE,A,2002,19.13580247,
DEU,WAGEGAP,TOT,PC_MENWAGE,A,2003,20.39758504,
DEU,WAGEGAP,TOT,PC_MENWAGE,A,2004,22.50935252,
DEU,WAGEGAP,TOT,PC_MENWAGE,A,2005,17.30205279,
DEU,WAGEGAP,TOT,PC_MENWAGE,A,2006,19.62209302,
DEU,WAGEGAP,TOT,PC_MENWAGE,A,2007,17.10526316,
DEU,WAGEGAP,TOT,PC_MENWAGE,A,2008,17.44233577,
DEU,WAGEGAP,TOT,PC_MENWAGE,A,2009,17.04545455,
DEU,WAGEGAP,TOT,PC_MENWAGE,A,2010,16.75081342,
DEU,WAGEGAP,TOT,PC_MENWAGE,A,2011,16.66666667,
DEU,WAGEGAP,TOT,PC_MENWAGE,A,2012,15.30054645,
DEU,WAGEGAP,TOT,PC_MENWAGE,A,2013,13.85714286,
DEU,WAGEGAP,TOT,PC_MENWAGE,A,2014,17.07953064,
GRC,WAGEGAP,TOT,PC_MENWAGE,A,2004,13.8755983,
GRC,WAGEGAP,TOT,PC_MENWAGE,A,2005,16.66666569,
GRC,WAGEGAP,TOT,PC_MENWAGE,A,2006,11.87862949,
GRC,WAGEGAP,TOT,PC_MENWAGE,A,2007,11.62904936,
GRC,WAGEGAP,TOT,PC_MENWAGE,A,2008,9.523771574,
GRC,WAGEGAP,TOT,PC_MENWAGE,A,2009,9.587165735,
GRC,WAGEGAP,TOT,PC_MENWAGE,A,2010,12.1728406,
GRC,WAGEGAP,TOT,PC_MENWAGE,A,2011,10.71428576,
GRC,WAGEGAP,TOT,PC_MENWAGE,A,2012,6.852802021,
GRC,WAGEGAP,TOT,PC_MENWAGE,A,2013,11.27373202,
GRC,WAGEGAP,TOT,PC_MENWAGE,A,2014,9.090908085,
GRC,WAGEGAP,TOT,PC_MENWAGE,A,2015,6.249999287,
HUN,WAGEGAP,TOT,PC_MENWAGE,A,1989,25.97997942,
HUN,WAGEGAP,TOT,PC_MENWAGE,A,1992,17.39109272,
HUN,WAGEGAP,TOT,PC_MENWAGE,A,1993,7.948628948,
HUN,WAGEGAP,TOT,PC_MENWAGE,A,1994,15.18105405,
HUN,WAGEGAP,TOT,PC_MENWAGE,A,1995,15.75400169,
HUN,WAGEGAP,TOT,PC_MENWAGE,A,1996,17.77534924,
HUN,WAGEGAP,TOT,PC_MENWAGE,A,1998,15.67189287,
HUN,WAGEGAP,TOT,PC_MENWAGE,A,1999,15.30123115,
HUN,WAGEGAP,TOT,PC_MENWAGE,A,2000,14.09876804,
HUN,WAGEGAP,TOT,PC_MENWAGE,A,2001,13.68978149,
HUN,WAGEGAP,TOT,PC_MENWAGE,A,2002,9.129712294,
HUN,WAGEGAP,TOT,PC_MENWAGE,A,2003,1.47600449,
HUN,WAGEGAP,TOT,PC_MENWAGE,A,2004,3.034373765,
HUN,WAGEGAP,TOT,PC_MENWAGE,A,2005,4.021526574,
HUN,WAGEGAP,TOT,PC_MENWAGE,A,2006,0.384387036,
HUN,WAGEGAP,TOT,PC_MENWAGE,A,2007,3.648106127,
HUN,WAGEGAP,TOT,PC_MENWAGE,A,2008,2.22065446,
HUN,WAGEGAP,TOT,PC_MENWAGE,A,2009,3.87608807,
HUN,WAGEGAP,TOT,PC_MENWAGE,A,2010,6.381712252,
HUN,WAGEGAP,TOT,PC_MENWAGE,A,2011,6.863905325,
HUN,WAGEGAP,TOT,PC_MENWAGE,A,2012,11.33246244,
HUN,WAGEGAP,TOT,PC_MENWAGE,A,2013,8.723650635,
HUN,WAGEGAP,TOT,PC_MENWAGE,A,2014,3.772605527,
HUN,WAGEGAP,TOT,PC_MENWAGE,A,2015,9.523809524,
ISL,WAGEGAP,TOT,PC_MENWAGE,A,2004,19.22546295,
ISL,WAGEGAP,TOT,PC_MENWAGE,A,2005,13.19922882,
ISL,WAGEGAP,TOT,PC_MENWAGE,A,2006,12.40007676,
ISL,WAGEGAP,TOT,PC_MENWAGE,A,2007,15.89032991,
ISL,WAGEGAP,TOT,PC_MENWAGE,A,2008,13.32855935,
ISL,WAGEGAP,TOT,PC_MENWAGE,A,2009,15.97781296,
ISL,WAGEGAP,TOT,PC_MENWAGE,A,2010,14.31478374,
ISL,WAGEGAP,TOT,PC_MENWAGE,A,2011,14.07981263,
ISL,WAGEGAP,TOT,PC_MENWAGE,A,2013,14.52746333,
ISL,WAGEGAP,TOT,PC_MENWAGE,A,2014,13.59348986,
ISL,WAGEGAP,TOT,PC_MENWAGE,A,2015,9.931402995,
IRL,WAGEGAP,TOT,PC_MENWAGE,A,1994,25.18248175,
IRL,WAGEGAP,TOT,PC_MENWAGE,A,1997,21.71666667,
IRL,WAGEGAP,TOT,PC_MENWAGE,A,2000,19.72972973,
IRL,WAGEGAP,TOT,PC_MENWAGE,A,2003,19.70283629,
IRL,WAGEGAP,TOT,PC_MENWAGE,A,2004,18.23030174,
IRL,WAGEGAP,TOT,PC_MENWAGE,A,2005,13.79310345,
IRL,WAGEGAP,TOT,PC_MENWAGE,A,2006,14.41132686,
IRL,WAGEGAP,TOT,PC_MENWAGE,A,2007,17.95344797,
IRL,WAGEGAP,TOT,PC_MENWAGE,A,2008,14.96402878,
IRL,WAGEGAP,TOT,PC_MENWAGE,A,2009,14.88707738,
IRL,WAGEGAP,TOT,PC_MENWAGE,A,2010,12.84472988,
IRL,WAGEGAP,TOT,PC_MENWAGE,A,2011,10.44685255,
IRL,WAGEGAP,TOT,PC_MENWAGE,A,2012,8.50075339,
IRL,WAGEGAP,TOT,PC_MENWAGE,A,2013,12.7698278,
IRL,WAGEGAP,TOT,PC_MENWAGE,A,2014,15.17342812,
IRL,WAGEGAP,TOT,PC_MENWAGE,A,2015,14.44894073,
ITA,WAGEGAP,TOT,PC_MENWAGE,A,1986,17.24137931,
ITA,WAGEGAP,TOT,PC_MENWAGE,A,1987,15.625,
ITA,WAGEGAP,TOT,PC_MENWAGE,A,1989,11.11111112,
ITA,WAGEGAP,TOT,PC_MENWAGE,A,1991,9.999999997,
ITA,WAGEGAP,TOT,PC_MENWAGE,A,1993,11.50442478,
ITA,WAGEGAP,TOT,PC_MENWAGE,A,1995,14.58333333,
ITA,WAGEGAP,TOT,PC_MENWAGE,A,1998,7.692307699,
ITA,WAGEGAP,TOT,PC_MENWAGE,A,2000,8.518518517,
ITA,WAGEGAP,TOT,PC_MENWAGE,A,2002,10.34482759,
ITA,WAGEGAP,TOT,PC_MENWAGE,A,2004,6.666666664,
ITA,WAGEGAP,TOT,PC_MENWAGE,A,2006,7.692307695,
ITA,WAGEGAP,TOT,PC_MENWAGE,A,2008,11.76470588,
ITA,WAGEGAP,TOT,PC_MENWAGE,A,2010,9.940335475,
ITA,WAGEGAP,TOT,PC_MENWAGE,A,2012,11.11111111,
ITA,WAGEGAP,TOT,PC_MENWAGE,A,2014,5.555555553,
JPN,WAGEGAP,TOT,PC_MENWAGE,A,1975,42.38975818,
JPN,WAGEGAP,TOT,PC_MENWAGE,A,1976,39.74175036,
JPN,WAGEGAP,TOT,PC_MENWAGE,A,1977,40.32679739,
JPN,WAGEGAP,TOT,PC_MENWAGE,A,1978,40.5654579,
JPN,WAGEGAP,TOT,PC_MENWAGE,A,1979,41.31319001,
JPN,WAGEGAP,TOT,PC_MENWAGE,A,1980,41.68030551,
JPN,WAGEGAP,TOT,PC_MENWAGE,A,1981,41.95696721,
JPN,WAGEGAP,TOT,PC_MENWAGE,A,1982,42.15925745,
JPN,WAGEGAP,TOT,PC_MENWAGE,A,1983,41.90340909,
JPN,WAGEGAP,TOT,PC_MENWAGE,A,1984,41.9340055,
JPN,WAGEGAP,TOT,PC_MENWAGE,A,1985,41.65927241,
JPN,WAGEGAP,TOT,PC_MENWAGE,A,1986,41.60552439,
JPN,WAGEGAP,TOT,PC_MENWAGE,A,1987,41.22621565,
JPN,WAGEGAP,TOT,PC_MENWAGE,A,1988,41.01821192,
JPN,WAGEGAP,TOT,PC_MENWAGE,A,1989,40.9633758,
JPN,WAGEGAP,TOT,PC_MENWAGE,A,1990,40.59893859,
JPN,WAGEGAP,TOT,PC_MENWAGE,A,1991,39.8989899,
JPN,WAGEGAP,TOT,PC_MENWAGE,A,1992,38.88499299,
JPN,WAGEGAP,TOT,PC_MENWAGE,A,1993,38.45094664,
JPN,WAGEGAP,TOT,PC_MENWAGE,A,1994,37.81597573,
JPN,WAGEGAP,TOT,PC_MENWAGE,A,1995,37.090301,
JPN,WAGEGAP,TOT,PC_MENWAGE,A,1996,36.8473232,
JPN,WAGEGAP,TOT,PC_MENWAGE,A,1997,36.52145431,
JPN,WAGEGAP,TOT,PC_MENWAGE,A,1998,35.307667,
JPN,WAGEGAP,TOT,PC_MENWAGE,A,1999,34.55083909,
JPN,WAGEGAP,TOT,PC_MENWAGE,A,2000,33.85930309,
JPN,WAGEGAP,TOT,PC_MENWAGE,A,2001,33.86467144,
JPN,WAGEGAP,TOT,PC_MENWAGE,A,2002,32.52972259,
JPN,WAGEGAP,TOT,PC_MENWAGE,A,2003,31.99735012,
JPN,WAGEGAP,TOT,PC_MENWAGE,A,2004,31.08739159,
JPN,WAGEGAP,TOT,PC_MENWAGE,A,2005,32.82543889,
JPN,WAGEGAP,TOT,PC_MENWAGE,A,2006,32.98083278,
JPN,WAGEGAP,TOT,PC_MENWAGE,A,2007,31.7423231,
JPN,WAGEGAP,TOT,PC_MENWAGE,A,2008,30.69439785,
JPN,WAGEGAP,TOT,PC_MENWAGE,A,2009,28.28492393,
JPN,WAGEGAP,TOT,PC_MENWAGE,A,2010,28.68430093,
JPN,WAGEGAP,TOT,PC_MENWAGE,A,2011,27.39536493,
JPN,WAGEGAP,TOT,PC_MENWAGE,A,2012,26.52354571,
JPN,WAGEGAP,TOT,PC_MENWAGE,A,2013,26.58757851,
JPN,WAGEGAP,TOT,PC_MENWAGE,A,2014,25.87099,
JPN,WAGEGAP,TOT,PC_MENWAGE,A,2015,25.73179033,
KOR,WAGEGAP,TOT,PC_MENWAGE,A,1985,52.77623552,
KOR,WAGEGAP,TOT,PC_MENWAGE,A,1992,46.96548718,
KOR,WAGEGAP,TOT,PC_MENWAGE,A,1993,47.26031778,
KOR,WAGEGAP,TOT,PC_MENWAGE,A,1994,45.50637632,
KOR,WAGEGAP,TOT,PC_MENWAGE,A,1995,44.18220588,
KOR,WAGEGAP,TOT,PC_MENWAGE,A,1996,43.28277957,
KOR,WAGEGAP,TOT,PC_MENWAGE,A,1997,42.21548579,
KOR,WAGEGAP,TOT,PC_MENWAGE,A,1998,42.02184197,
KOR,WAGEGAP,TOT,PC_MENWAGE,A,1999,41.80339812,
KOR,WAGEGAP,TOT,PC_MENWAGE,A,2000,41.65435244,
KOR,WAGEGAP,TOT,PC_MENWAGE,A,2001,40.41614049,
KOR,WAGEGAP,TOT,PC_MENWAGE,A,2002,41.02851279,
KOR,WAGEGAP,TOT,PC_MENWAGE,A,2003,40.08315463,
KOR,WAGEGAP,TOT,PC_MENWAGE,A,2004,39.62354825,
KOR,WAGEGAP,TOT,PC_MENWAGE,A,2005,39.61663236,
KOR,WAGEGAP,TOT,PC_MENWAGE,A,2006,39.77414431,
KOR,WAGEGAP,TOT,PC_MENWAGE,A,2007,38.16206428,
KOR,WAGEGAP,TOT,PC_MENWAGE,A,2008,39.03744173,
KOR,WAGEGAP,TOT,PC_MENWAGE,A,2009,38.6146827,
KOR,WAGEGAP,TOT,PC_MENWAGE,A,2010,39.60585734,
KOR,WAGEGAP,TOT,PC_MENWAGE,A,2011,36.5642295,
KOR,WAGEGAP,TOT,PC_MENWAGE,A,2012,36.29852997,
KOR,WAGEGAP,TOT,PC_MENWAGE,A,2013,36.59963437,
KOR,WAGEGAP,TOT,PC_MENWAGE,A,2014,36.65317614,
KOR,WAGEGAP,TOT,PC_MENWAGE,A,2015,37.17628175,
KOR,WAGEGAP,TOT,PC_MENWAGE,A,2016,36.66666667,
LUX,WAGEGAP,TOT,PC_MENWAGE,A,2002,15.08852964,
LUX,WAGEGAP,TOT,PC_MENWAGE,A,2006,7.668067227,
LUX,WAGEGAP,TOT,PC_MENWAGE,A,2010,4.592164419,
LUX,WAGEGAP,TOT,PC_MENWAGE,A,2014,3.402916786,
NLD,WAGEGAP,TOT,PC_MENWAGE,A,2002,16.05038602,
NLD,WAGEGAP,TOT,PC_MENWAGE,A,2006,16.00806452,
NLD,WAGEGAP,TOT,PC_MENWAGE,A,2010,17.88914703,
NLD,WAGEGAP,TOT,PC_MENWAGE,A,2014,14.11468179,
NZL,WAGEGAP,TOT,PC_MENWAGE,A,1984,21.47465253,
NZL,WAGEGAP,TOT,PC_MENWAGE,A,1986,23.01499927,
NZL,WAGEGAP,TOT,PC_MENWAGE,A,1988,20.28923349,
NZL,WAGEGAP,TOT,PC_MENWAGE,A,1990,17.11112417,
NZL,WAGEGAP,TOT,PC_MENWAGE,A,1992,15.57156499,
NZL,WAGEGAP,TOT,PC_MENWAGE,A,1994,13.30243228,
NZL,WAGEGAP,TOT,PC_MENWAGE,A,1995,13.68282943,
NZL,WAGEGAP,TOT,PC_MENWAGE,A,1996,20.39488598,
NZL,WAGEGAP,TOT,PC_MENWAGE,A,1997,12.70949721,
NZL,WAGEGAP,TOT,PC_MENWAGE,A,1998,11.4,
NZL,WAGEGAP,TOT,PC_MENWAGE,A,1999,8.333333333,
NZL,WAGEGAP,TOT,PC_MENWAGE,A,2000,7.166556072,
NZL,WAGEGAP,TOT,PC_MENWAGE,A,2001,8.056265985,
NZL,WAGEGAP,TOT,PC_MENWAGE,A,2002,7.3125,
NZL,WAGEGAP,TOT,PC_MENWAGE,A,2003,7.692307692,
NZL,WAGEGAP,TOT,PC_MENWAGE,A,2004,8.076699593,
NZL,WAGEGAP,TOT,PC_MENWAGE,A,2005,9.611111111,
NZL,WAGEGAP,TOT,PC_MENWAGE,A,2006,9.333333333,
NZL,WAGEGAP,TOT,PC_MENWAGE,A,2007,7.142857143,
NZL,WAGEGAP,TOT,PC_MENWAGE,A,2008,8.053691275,
NZL,WAGEGAP,TOT,PC_MENWAGE,A,2009,8.759124088,
NZL,WAGEGAP,TOT,PC_MENWAGE,A,2010,7.011235955,
NZL,WAGEGAP,TOT,PC_MENWAGE,A,2011,4.533333333,
NZL,WAGEGAP,TOT,PC_MENWAGE,A,2012,5.907906169,
NZL,WAGEGAP,TOT,PC_MENWAGE,A,2013,6.594323873,
NZL,WAGEGAP,TOT,PC_MENWAGE,A,2014,6.083333333,
NOR,WAGEGAP,TOT,PC_MENWAGE,A,1997,10.06647168,
NOR,WAGEGAP,TOT,PC_MENWAGE,A,1998,10.08034702,
NOR,WAGEGAP,TOT,PC_MENWAGE,A,1999,10.14072454,
NOR,WAGEGAP,TOT,PC_MENWAGE,A,2000,10.18854242,
NOR,WAGEGAP,TOT,PC_MENWAGE,A,2001,10.74286708,
NOR,WAGEGAP,TOT,PC_MENWAGE,A,2002,10.68187393,
NOR,WAGEGAP,TOT,PC_MENWAGE,A,2003,10.21170116,
NOR,WAGEGAP,TOT,PC_MENWAGE,A,2004,9.70579198,
NOR,WAGEGAP,TOT,PC_MENWAGE,A,2005,9.388516033,
NOR,WAGEGAP,TOT,PC_MENWAGE,A,2006,9.162434733,
NOR,WAGEGAP,TOT,PC_MENWAGE,A,2007,9.831148259,
NOR,WAGEGAP,TOT,PC_MENWAGE,A,2008,9.23566879,
NOR,WAGEGAP,TOT,PC_MENWAGE,A,2009,8.66873065,
NOR,WAGEGAP,TOT,PC_MENWAGE,A,2010,8.059701493,
NOR,WAGEGAP,TOT,PC_MENWAGE,A,2011,7.780979827,
NOR,WAGEGAP,TOT,PC_MENWAGE,A,2012,6.406685237,
NOR,WAGEGAP,TOT,PC_MENWAGE,A,2013,7.008086253,
NOR,WAGEGAP,TOT,PC_MENWAGE,A,2014,6.282722513,
NOR,WAGEGAP,TOT,PC_MENWAGE,A,2015,7.124681934,
POL,WAGEGAP,TOT,PC_MENWAGE,A,1991,20.14881717,
POL,WAGEGAP,TOT,PC_MENWAGE,A,1992,17.24770505,
POL,WAGEGAP,TOT,PC_MENWAGE,A,1993,20.02866825,
POL,WAGEGAP,TOT,PC_MENWAGE,A,1994,18.85394397,
POL,WAGEGAP,TOT,PC_MENWAGE,A,1995,20.10461351,
POL,WAGEGAP,TOT,PC_MENWAGE,A,1996,20.46569512,
POL,WAGEGAP,TOT,PC_MENWAGE,A,1997,18.56877152,
POL,WAGEGAP,TOT,PC_MENWAGE,A,1998,19.1076226,
POL,WAGEGAP,TOT,PC_MENWAGE,A,1999,17.55932069,
POL,WAGEGAP,TOT,PC_MENWAGE,A,2001,14.29974246,
POL,WAGEGAP,TOT,PC_MENWAGE,A,2002,11.31595541,
POL,WAGEGAP,TOT,PC_MENWAGE,A,2004,10.63884891,
POL,WAGEGAP,TOT,PC_MENWAGE,A,2006,11.44042048,
POL,WAGEGAP,TOT,PC_MENWAGE,A,2008,12.99382224,
POL,WAGEGAP,TOT,PC_MENWAGE,A,2010,7.190207044,
POL,WAGEGAP,TOT,PC_MENWAGE,A,2012,10.62015527,
POL,WAGEGAP,TOT,PC_MENWAGE,A,2014,11.07286288,
PRT,WAGEGAP,TOT,PC_MENWAGE,A,2004,13.03030352,
PRT,WAGEGAP,TOT,PC_MENWAGE,A,2005,15.9663881,
PRT,WAGEGAP,TOT,PC_MENWAGE,A,2006,14.3548395,
PRT,WAGEGAP,TOT,PC_MENWAGE,A,2007,15.27777972,
PRT,WAGEGAP,TOT,PC_MENWAGE,A,2008,15.63548277,
PRT,WAGEGAP,TOT,PC_MENWAGE,A,2009,13.79250058,
PRT,WAGEGAP,TOT,PC_MENWAGE,A,2010,13.45086716,
PRT,WAGEGAP,TOT,PC_MENWAGE,A,2011,15.24812329,
PRT,WAGEGAP,TOT,PC_MENWAGE,A,2012,16.31546546,
PRT,WAGEGAP,TOT,PC_MENWAGE,A,2013,16.66666636,
PRT,WAGEGAP,TOT,PC_MENWAGE,A,2014,18.879689,
PRT,WAGEGAP,TOT,PC_MENWAGE,A,2015,18.91701543,
SVK,WAGEGAP,TOT,PC_MENWAGE,A,2002,20.35516093,
SVK,WAGEGAP,TOT,PC_MENWAGE,A,2003,20.68965517,
SVK,WAGEGAP,TOT,PC_MENWAGE,A,2004,20.88376561,
SVK,WAGEGAP,TOT,PC_MENWAGE,A,2005,20.09925558,
SVK,WAGEGAP,TOT,PC_MENWAGE,A,2006,17.80276817,
SVK,WAGEGAP,TOT,PC_MENWAGE,A,2007,17.52170482,
SVK,WAGEGAP,TOT,PC_MENWAGE,A,2008,16.44476957,
SVK,WAGEGAP,TOT,PC_MENWAGE,A,2009,16.43272126,
SVK,WAGEGAP,TOT,PC_MENWAGE,A,2010,14.85111765,
SVK,WAGEGAP,TOT,PC_MENWAGE,A,2011,15.44985643,
SVK,WAGEGAP,TOT,PC_MENWAGE,A,2012,15.96526916,
SVK,WAGEGAP,TOT,PC_MENWAGE,A,2013,14.10932976,
SVK,WAGEGAP,TOT,PC_MENWAGE,A,2014,14.35004753,
SVK,WAGEGAP,TOT,PC_MENWAGE,A,2015,13.37662489,
SVK,WAGEGAP,TOT,PC_MENWAGE,A,2016,13.89918214,
ESP,WAGEGAP,TOT,PC_MENWAGE,A,2004,12.571,
ESP,WAGEGAP,TOT,PC_MENWAGE,A,2005,12.5,
ESP,WAGEGAP,TOT,PC_MENWAGE,A,2006,10.372,
ESP,WAGEGAP,TOT,PC_MENWAGE,A,2007,8.8889999,
ESP,WAGEGAP,TOT,PC_MENWAGE,A,2008,11.798,
ESP,WAGEGAP,TOT,PC_MENWAGE,A,2009,7.303,
ESP,WAGEGAP,TOT,PC_MENWAGE,A,2010,6.585,
ESP,WAGEGAP,TOT,PC_MENWAGE,A,2011,8.2659998,
ESP,WAGEGAP,TOT,PC_MENWAGE,A,2012,8.6479998,
SWE,WAGEGAP,TOT,PC_MENWAGE,A,1975,18.26961771,
SWE,WAGEGAP,TOT,PC_MENWAGE,A,1978,16.55391962,
SWE,WAGEGAP,TOT,PC_MENWAGE,A,1980,12.76507277,
SWE,WAGEGAP,TOT,PC_MENWAGE,A,1981,15.2027027,
SWE,WAGEGAP,TOT,PC_MENWAGE,A,1982,13.59139785,
SWE,WAGEGAP,TOT,PC_MENWAGE,A,1983,14.53287197,
SWE,WAGEGAP,TOT,PC_MENWAGE,A,1984,15.86353945,
SWE,WAGEGAP,TOT,PC_MENWAGE,A,1985,16.68081494,
SWE,WAGEGAP,TOT,PC_MENWAGE,A,1986,15.08034611,
SWE,WAGEGAP,TOT,PC_MENWAGE,A,1987,14.66074313,
SWE,WAGEGAP,TOT,PC_MENWAGE,A,1988,17.52254018,
SWE,WAGEGAP,TOT,PC_MENWAGE,A,1989,19.57255343,
SWE,WAGEGAP,TOT,PC_MENWAGE,A,1990,19.03719913,
SWE,WAGEGAP,TOT,PC_MENWAGE,A,1991,19.27756654,
SWE,WAGEGAP,TOT,PC_MENWAGE,A,1992,19.04218928,
SWE,WAGEGAP,TOT,PC_MENWAGE,A,1993,18.74759892,
SWE,WAGEGAP,TOT,PC_MENWAGE,A,1994,17.23088627,
SWE,WAGEGAP,TOT,PC_MENWAGE,A,1995,18.77629063,
SWE,WAGEGAP,TOT,PC_MENWAGE,A,1996,16.38501102,
SWE,WAGEGAP,TOT,PC_MENWAGE,A,1997,16.72597865,
SWE,WAGEGAP,TOT,PC_MENWAGE,A,1998,16.95846207,
SWE,WAGEGAP,TOT,PC_MENWAGE,A,1999,16.84563758,
SWE,WAGEGAP,TOT,PC_MENWAGE,A,2000,15.49573211,
SWE,WAGEGAP,TOT,PC_MENWAGE,A,2001,16.59149485,
SWE,WAGEGAP,TOT,PC_MENWAGE,A,2002,15.8579131,
SWE,WAGEGAP,TOT,PC_MENWAGE,A,2003,16.00508098,
SWE,WAGEGAP,TOT,PC_MENWAGE,A,2004,15.32059186,
SWE,WAGEGAP,TOT,PC_MENWAGE,A,2005,14.44411148,
SWE,WAGEGAP,TOT,PC_MENWAGE,A,2006,14.58948612,
SWE,WAGEGAP,TOT,PC_MENWAGE,A,2007,16.36363636,
SWE,WAGEGAP,TOT,PC_MENWAGE,A,2008,15.38904899,
SWE,WAGEGAP,TOT,PC_MENWAGE,A,2009,14.91743633,
SWE,WAGEGAP,TOT,PC_MENWAGE,A,2010,14.32126071,
SWE,WAGEGAP,TOT,PC_MENWAGE,A,2011,15.93451569,
SWE,WAGEGAP,TOT,PC_MENWAGE,A,2012,15.13586957,
SWE,WAGEGAP,TOT,PC_MENWAGE,A,2013,13.42049093,
CHE,WAGEGAP,TOT,PC_MENWAGE,A,1996,25.47202797,
CHE,WAGEGAP,TOT,PC_MENWAGE,A,1998,24.12242781,
CHE,WAGEGAP,TOT,PC_MENWAGE,A,2000,23.78714118,
CHE,WAGEGAP,TOT,PC_MENWAGE,A,2002,22.80161943,
CHE,WAGEGAP,TOT,PC_MENWAGE,A,2004,22.012478,
CHE,WAGEGAP,TOT,PC_MENWAGE,A,2006,21.31813213,
CHE,WAGEGAP,TOT,PC_MENWAGE,A,2008,21.30750605,
CHE,WAGEGAP,TOT,PC_MENWAGE,A,2010,20.05359536,
CHE,WAGEGAP,TOT,PC_MENWAGE,A,2012,19.34352644,
CHE,WAGEGAP,TOT,PC_MENWAGE,A,2014,16.94074284,
TUR,WAGEGAP,TOT,PC_MENWAGE,A,2006,3.206997085,
TUR,WAGEGAP,TOT,PC_MENWAGE,A,2010,3.10421286,
TUR,WAGEGAP,TOT,PC_MENWAGE,A,2014,6.882591093,
GBR,WAGEGAP,TOT,PC_MENWAGE,A,1975,39.85541471,
GBR,WAGEGAP,TOT,PC_MENWAGE,A,1976,36.55030196,
GBR,WAGEGAP,TOT,PC_MENWAGE,A,1977,35.7883676,
GBR,WAGEGAP,TOT,PC_MENWAGE,A,1978,37.47486879,
GBR,WAGEGAP,TOT,PC_MENWAGE,A,1979,38.29523948,
GBR,WAGEGAP,TOT,PC_MENWAGE,A,1980,36.68858598,
GBR,WAGEGAP,TOT,PC_MENWAGE,A,1981,35.42681227,
GBR,WAGEGAP,TOT,PC_MENWAGE,A,1982,35.6596195,
GBR,WAGEGAP,TOT,PC_MENWAGE,A,1983,34.56728189,
GBR,WAGEGAP,TOT,PC_MENWAGE,A,1984,35.0815266,
GBR,WAGEGAP,TOT,PC_MENWAGE,A,1985,35.12011436,
GBR,WAGEGAP,TOT,PC_MENWAGE,A,1986,34.93850634,
GBR,WAGEGAP,TOT,PC_MENWAGE,A,1987,34.51295439,
GBR,WAGEGAP,TOT,PC_MENWAGE,A,1988,34.04572948,
GBR,WAGEGAP,TOT,PC_MENWAGE,A,1989,33.73065918,
GBR,WAGEGAP,TOT,PC_MENWAGE,A,1990,32.74495597,
GBR,WAGEGAP,TOT,PC_MENWAGE,A,1991,31.07547804,
GBR,WAGEGAP,TOT,PC_MENWAGE,A,1992,29.9466794,
GBR,WAGEGAP,TOT,PC_MENWAGE,A,1993,28.71901926,
GBR,WAGEGAP,TOT,PC_MENWAGE,A,1994,28.07971852,
GBR,WAGEGAP,TOT,PC_MENWAGE,A,1995,28.19283493,
GBR,WAGEGAP,TOT,PC_MENWAGE,A,1996,27.2184109,
GBR,WAGEGAP,TOT,PC_MENWAGE,A,1997,26.91907016,
GBR,WAGEGAP,TOT,PC_MENWAGE,A,1998,27.03529423,
GBR,WAGEGAP,TOT,PC_MENWAGE,A,1999,26.08972841,
GBR,WAGEGAP,TOT,PC_MENWAGE,A,2000,26.28031382,
GBR,WAGEGAP,TOT,PC_MENWAGE,A,2001,25.63964591,
GBR,WAGEGAP,TOT,PC_MENWAGE,A,2002,24.37909945,
GBR,WAGEGAP,TOT,PC_MENWAGE,A,2003,24.12446709,
GBR,WAGEGAP,TOT,PC_MENWAGE,A,2004,23.35874097,
GBR,WAGEGAP,TOT,PC_MENWAGE,A,2005,22.06395819,
GBR,WAGEGAP,TOT,PC_MENWAGE,A,2006,21.71808403,
GBR,WAGEGAP,TOT,PC_MENWAGE,A,2007,21.6347807,
GBR,WAGEGAP,TOT,PC_MENWAGE,A,2008,21.85786912,
GBR,WAGEGAP,TOT,PC_MENWAGE,A,2009,20.68629596,
GBR,WAGEGAP,TOT,PC_MENWAGE,A,2010,19.23143692,
GBR,WAGEGAP,TOT,PC_MENWAGE,A,2011,18.2460052,
GBR,WAGEGAP,TOT,PC_MENWAGE,A,2012,17.78388278,
GBR,WAGEGAP,TOT,PC_MENWAGE,A,2013,17.48201439,
GBR,WAGEGAP,TOT,PC_MENWAGE,A,2014,17.38274257,
GBR,WAGEGAP,TOT,PC_MENWAGE,A,2015,17.10155148,
GBR,WAGEGAP,TOT,PC_MENWAGE,A,2016,16.83973693,
USA,WAGEGAP,TOT,PC_MENWAGE,A,1975,37.63003166,
USA,WAGEGAP,TOT,PC_MENWAGE,A,1976,37.7559727,
USA,WAGEGAP,TOT,PC_MENWAGE,A,1977,38.22485207,
USA,WAGEGAP,TOT,PC_MENWAGE,A,1978,38.97247706,
USA,WAGEGAP,TOT,PC_MENWAGE,A,1979,37.64195057,
USA,WAGEGAP,TOT,PC_MENWAGE,A,1980,36.55215104,
USA,WAGEGAP,TOT,PC_MENWAGE,A,1981,35.17400058,
USA,WAGEGAP,TOT,PC_MENWAGE,A,1982,34.72409152,
USA,WAGEGAP,TOT,PC_MENWAGE,A,1983,34.28645028,
USA,WAGEGAP,TOT,PC_MENWAGE,A,1984,33.43217198,
USA,WAGEGAP,TOT,PC_MENWAGE,A,1985,32.9782197,
USA,WAGEGAP,TOT,PC_MENWAGE,A,1986,32.19021491,
USA,WAGEGAP,TOT,PC_MENWAGE,A,1987,31.02222222,
USA,WAGEGAP,TOT,PC_MENWAGE,A,1988,30.06917423,
USA,WAGEGAP,TOT,PC_MENWAGE,A,1989,29.36357908,
USA,WAGEGAP,TOT,PC_MENWAGE,A,1990,28.45544956,
USA,WAGEGAP,TOT,PC_MENWAGE,A,1991,26.57109191,
USA,WAGEGAP,TOT,PC_MENWAGE,A,1992,25.05773672,
USA,WAGEGAP,TOT,PC_MENWAGE,A,1993,23.87640449,
USA,WAGEGAP,TOT,PC_MENWAGE,A,1994,23.88451444,
USA,WAGEGAP,TOT,PC_MENWAGE,A,1995,24.57998539,
USA,WAGEGAP,TOT,PC_MENWAGE,A,1996,23.82394868,
USA,WAGEGAP,TOT,PC_MENWAGE,A,1997,23.78649162,
USA,WAGEGAP,TOT,PC_MENWAGE,A,1998,23.7458194,
USA,WAGEGAP,TOT,PC_MENWAGE,A,1999,23.46278317,
USA,WAGEGAP,TOT,PC_MENWAGE,A,2000,23.08892356,
USA,WAGEGAP,TOT,PC_MENWAGE,A,2001,23.58208955,
USA,WAGEGAP,TOT,PC_MENWAGE,A,2002,22.09131075,
USA,WAGEGAP,TOT,PC_MENWAGE,A,2003,20.57553957,
USA,WAGEGAP,TOT,PC_MENWAGE,A,2004,19.63534362,
USA,WAGEGAP,TOT,PC_MENWAGE,A,2005,18.97506925,
USA,WAGEGAP,TOT,PC_MENWAGE,A,2006,19.24629879,
USA,WAGEGAP,TOT,PC_MENWAGE,A,2007,19.84334204,
USA,WAGEGAP,TOT,PC_MENWAGE,A,2008,20.05012531,
USA,WAGEGAP,TOT,PC_MENWAGE,A,2009,19.78021978,
USA,WAGEGAP,TOT,PC_MENWAGE,A,2010,18.81067961,
USA,WAGEGAP,TOT,PC_MENWAGE,A,2011,17.78846154,
USA,WAGEGAP,TOT,PC_MENWAGE,A,2012,19.08665105,
USA,WAGEGAP,TOT,PC_MENWAGE,A,2013,17.90697674,
USA,WAGEGAP,TOT,PC_MENWAGE,A,2014,17.45120551,
USA,WAGEGAP,TOT,PC_MENWAGE,A,2015,18.88268156,
USA,WAGEGAP,TOT,PC_MENWAGE,A,2016,18.1420765,
CHL,WAGEGAP,TOT,PC_MENWAGE,A,2000,0,
CHL,WAGEGAP,TOT,PC_MENWAGE,A,2003,0,
CHL,WAGEGAP,TOT,PC_MENWAGE,A,2006,3.958415842,
CHL,WAGEGAP,TOT,PC_MENWAGE,A,2009,9.090909091,
CHL,WAGEGAP,TOT,PC_MENWAGE,A,2011,16,
CHL,WAGEGAP,TOT,PC_MENWAGE,A,2013,16.66666667,
CHL,WAGEGAP,TOT,PC_MENWAGE,A,2015,21.05263158,
EST,WAGEGAP,TOT,PC_MENWAGE,A,2002,25.00065194,
EST,WAGEGAP,TOT,PC_MENWAGE,A,2006,29.6875,
EST,WAGEGAP,TOT,PC_MENWAGE,A,2010,27.79783394,
EST,WAGEGAP,TOT,PC_MENWAGE,A,2014,28.33935018,
ISR,WAGEGAP,TOT,PC_MENWAGE,A,2001,28.10349985,
ISR,WAGEGAP,TOT,PC_MENWAGE,A,2002,24.52009598,
ISR,WAGEGAP,TOT,PC_MENWAGE,A,2003,24.61492448,
ISR,WAGEGAP,TOT,PC_MENWAGE,A,2004,25.46195257,
ISR,WAGEGAP,TOT,PC_MENWAGE,A,2005,22.35153686,
ISR,WAGEGAP,TOT,PC_MENWAGE,A,2006,22.01591512,
ISR,WAGEGAP,TOT,PC_MENWAGE,A,2007,21.1606511,
ISR,WAGEGAP,TOT,PC_MENWAGE,A,2008,22.02600958,
ISR,WAGEGAP,TOT,PC_MENWAGE,A,2009,20.26863667,
ISR,WAGEGAP,TOT,PC_MENWAGE,A,2010,20.70009212,
ISR,WAGEGAP,TOT,PC_MENWAGE,A,2011,21.82741117,
SVN,WAGEGAP,TOT,PC_MENWAGE,A,2002,9.405241223,
SVN,WAGEGAP,TOT,PC_MENWAGE,A,2006,7.220573689,
SVN,WAGEGAP,TOT,PC_MENWAGE,A,2010,0.991735537,
SVN,WAGEGAP,TOT,PC_MENWAGE,A,2014,4.996271439,
MEX,WAGEGAP,TOT,PC_MENWAGE,A,2005,16.66666667,
MEX,WAGEGAP,TOT,PC_MENWAGE,A,2006,18.60465116,
MEX,WAGEGAP,TOT,PC_MENWAGE,A,2007,12.5,
MEX,WAGEGAP,TOT,PC_MENWAGE,A,2008,22.22222222,
MEX,WAGEGAP,TOT,PC_MENWAGE,A,2009,16.66666667,
MEX,WAGEGAP,TOT,PC_MENWAGE,A,2010,11.62790698,
MEX,WAGEGAP,TOT,PC_MENWAGE,A,2011,10,
MEX,WAGEGAP,TOT,PC_MENWAGE,A,2012,13.55555556,
MEX,WAGEGAP,TOT,PC_MENWAGE,A,2013,15.43340381,
MEX,WAGEGAP,TOT,PC_MENWAGE,A,2014,18.3,
MEX,WAGEGAP,TOT,PC_MENWAGE,A,2015,16.66666667,
MEX,WAGEGAP,TOT,PC_MENWAGE,A,2016,16.49224806,
LVA,WAGEGAP,TOT,PC_MENWAGE,A,2002,18.91955557,
LVA,WAGEGAP,TOT,PC_MENWAGE,A,2006,10.99195711,
LVA,WAGEGAP,TOT,PC_MENWAGE,A,2010,19.05564924,
LVA,WAGEGAP,TOT,PC_MENWAGE,A,2014,21.12299465,
LTU,WAGEGAP,TOT,PC_MENWAGE,A,2002,14.63135637,
LTU,WAGEGAP,TOT,PC_MENWAGE,A,2006,15.95238095,
LTU,WAGEGAP,TOT,PC_MENWAGE,A,2010,10.64257028,
LTU,WAGEGAP,TOT,PC_MENWAGE,A,2014,12.47974068,
COL,WAGEGAP,TOT,PC_MENWAGE,A,2007,1.339317018,
COL,WAGEGAP,TOT,PC_MENWAGE,A,2008,1.739690722,
COL,WAGEGAP,TOT,PC_MENWAGE,A,2009,3.384675171,
COL,WAGEGAP,TOT,PC_MENWAGE,A,2010,6.430555556,
COL,WAGEGAP,TOT,PC_MENWAGE,A,2011,3.534808419,
COL,WAGEGAP,TOT,PC_MENWAGE,A,2012,8.197946776,
COL,WAGEGAP,TOT,PC_MENWAGE,A,2013,7.142857143,
COL,WAGEGAP,TOT,PC_MENWAGE,A,2014,9.6,
COL,WAGEGAP,TOT,PC_MENWAGE,A,2015,11.14171573,
CRI,WAGEGAP,TOT,PC_MENWAGE,A,2010,0,
CRI,WAGEGAP,TOT,PC_MENWAGE,A,2011,4.630681818,
CRI,WAGEGAP,TOT,PC_MENWAGE,A,2012,0.552486188,
CRI,WAGEGAP,TOT,PC_MENWAGE,A,2013,0,
CRI,WAGEGAP,TOT,PC_MENWAGE,A,2014,5.149700599,
CRI,WAGEGAP,TOT,PC_MENWAGE,A,2015,3.703703704,
EU28,WAGEGAP,TOT,PC_MENWAGE,A,2006,20.28571429,
EU28,WAGEGAP,TOT,PC_MENWAGE,A,2010,18.90909091,
EU28,WAGEGAP,TOT,PC_MENWAGE,A,2014,19.12656692,